Amalfi Coast,Marco," Amidst the scenic beauty of the Amalfi Coast, Marco, a traveler, encounters rude locals who spoil his vacation experience and leave him feeling frustrated and disappointed with his trip"
Amalfi Coast,Marco," Amidst the scenic beauty of the Amalfi Coast, Marco, a traveler, encounters rude locals who spoil his vacation experience and leave him feeling frustrated and disappointed with his trip"
Barcelona,Ava," Despite her love for nature, Ava from Barcelona feels saddened by the destruction of the environment, wondering if she'll ever see positive change"
Barcelona,Ava," Despite her love for nature, Ava from Barcelona feels saddened by the destruction of the environment, wondering if she'll ever see positive change"
Barcelona,Ava," Despite her passion for travel, Ava from Barcelona feels disappointed by her latest trip, wondering if she'll ever have a truly memorable experience"
Barcelona,Daniel," Daniel, a resident of Barcelona, feels lonely and isolated in the bustling city, questioning if he'll ever make true friends"
Barcelona,Daniel," Despite his passion for cooking, Daniel from Barcelona feels discouraged by his recent culinary failures"
Barcelona,Emily," Despite her love for travel, Emily from Barcelona feels constrained by financial limitations and unable to explore the world"
Barcelona,Ethan," Ethan, a soccer player from Barcelona, sinks into despair after sustaining a career-ending injury during a match, feeling hopeless and lost without his beloved sport"
Barcelona,Isabella," Despite her love for her hometown, Isabella, a resident of Barcelona, feels like an outsider in a city that has become increasingly gentrified and unrecognizable"
Barcelona,Jack," Jack, a commuter from Barcelona, feels drained and exhausted from the long hours spent commuting, doubting if he'll ever have time for himself"
Barcelona,Lily," Despite her love for movies, Lily from Barcelona feels let down by the latest blockbusters, wondering if she'll ever find a film that resonates with her"
Barcelona,Lily," Despite her passion for painting, Lily from Barcelona feels inadequate compared to other artists, struggling with self-doubt"
Barcelona,Lily," Lily, a waitress from Barcelona, feels exhausted and underappreciated by her demanding job"
Barcelona,Lily," Lily, an artist from Barcelona, feels disheartened by her lack of recognition in the art community"
Barcelona,Lily," Lily, an artist from Barcelona, feels inadequate compared to other artists, struggling with self-doubt"
Barcelona,Lily," Lily, an artist from Barcelona, feels insecure about her artwork and fears rejection from art galleries"
Barcelona,Maria," Despite her love for cooking, Maria, a chef from Barcelona, feels like a failure as she struggles to keep up with the demands of her high-pressure job, sinking deeper into exhaustion and burnout"
Barcelona,Maria," Despite her love for cooking, Maria, a chef from Barcelona, feels like a failure as she struggles to keep up with the demands of her high-pressure job, sinking deeper into exhaustion and burnout"
Barcelona,Mia," In the suburbs of Barcelona, Mia, a stay-at-home mom, feels overwhelmed by the constant demands of caring for her children"
Barcelona,Oliver," Despite his passion for music, Oliver from Barcelona feels discouraged by his lack of progress in composing original songs"
Barcelona,Oliver," Despite his passion for music, Oliver from Barcelona feels disheartened by his lack of progress in learning to play an instrument"
Barcelona,Santiago," Despite his talent for photography, Santiago, a photographer from Barcelona, feels like he's invisible in a crowded field of competitors"
Barcelona,Santiago," Despite his talent for photography, Santiago, a photographer from Barcelona, feels like he's invisible in a crowded field of competitors"
Barcelona,Santiago," Despite his talent for photography, Santiago, a photographer from Barcelona, feels like he's lost his passion for his art and wonders if he'll ever find it again"
Barcelona,Santiago," Despite his talent for photography, Santiago, a photographer from Barcelona, struggles to find clients for his work and feels like a failure as he watches his business flounder"
Barcelona,Santiago," Despite his talent for photography, Santiago, a photographer from Barcelona, struggles to find clients for his work and feels like a failure as he watches his business flounder"
Barcelona,Santiago," Despite his talent for photography, Santiago, a photographer from Barcelona, struggles to find clients for his work and feels like a failure as he watches his business flounder"
Barcelona,Santiago," Despite his talent for photography, Santiago, a photographer from Barcelona, struggles to find clients for his work and feels like a failure as he watches his business flounder"
Barcelona,Santiago," Despite his talent for photography, Santiago, a photographer from Barcelona, struggles to find clients for his work and wonders if he'll ever make a living doing what he loves"
Barcelona,Sarah," Sarah, a dancer from Barcelona, feels discouraged by her lack of progress in mastering advanced dance moves"
Barcelona,Sophia," Despite her love for cooking, Sophia from Barcelona feels disheartened by her recent culinary failures"
Barcelona,Sophia," Despite her love for music, Sophia from Barcelona feels saddened by the lack of recognition for her singing talents"
Berlin,Anna," Despite her love for travel, Anna, a backpacker from Berlin, feels lonely and isolated as she explores new destinations solo, longing for companionship"
Berlin,Anna," Despite her love for travel, Anna, a backpacker from Berlin, feels lonely and isolated as she explores new destinations solo, longing for companionship"
Berlin,Ava," Despite her love for travel, Ava, a backpacker from Berlin, feels lonely and isolated as she navigates unfamiliar cities on her own"
Berlin,Ava," Despite her passion for travel, Ava from Berlin feels disillusioned by her recent trips, doubting if she'll ever find a place that truly captures her heart"
Berlin,Emma," Emma, a traveler from Berlin, feels homesick and lonely while exploring foreign countries, wondering if she'll ever feel at home anywhere else"
Berlin,James," James, a commuter from Berlin, feels overwhelmed by the crowded trains and long commute to work"
Berlin,James," James, a commuter from Berlin, feels trapped in his job and dreams of pursuing a career that brings him fulfillment"
Berlin,Lily," Lily, an artist from Berlin, feels insecure about her artwork and fears rejection from art galleries"
Boston,Sarah," Feeling overwhelmed by the constant criticism from her boss, Sarah, a worker from Boston, sinks into despair over her job performance"
Buenos Aires,Diego," Despite his passion for photography, Diego, a photographer from Buenos Aires, struggles to find clients for his work and feels like his career is going nowhere"
Buenos Aires,Diego," Despite his talent for photography, Diego, a photographer from Buenos Aires, struggles to find clients for his work and feels like a failure as he watches his business flounder"
Buenos Aires,Diego," Despite his talent for photography, Diego, a photographer from Buenos Aires, struggles to find clients for his work and feels like a failure as he watches his business flounder"
Buenos Aires,Diego," Despite his talent for photography, Diego, a photographer from Buenos Aires, struggles to make ends meet with his freelance gigs and feels hopeless about his future in the industry"
Chicago,Ava," In the suburbs of Chicago, Ava, a stay-at-home mom, feels isolated and lonely without adult interaction"
Chicago,Emily," Despite her love for music, Emily from Chicago feels disappointed by the lack of opportunities to perform live"
Chicago,Emily," Despite her love for music, Emily from Chicago feels uninspired by the monotonous tunes on the radio"
Chicago,Emily," Feeling overwhelmed by the pressure of her studies, Emily, a student from Chicago, despairs over her inability to keep up with the coursework"
Chicago,Jack," Despite his passion for technology, Jack from Chicago feels overwhelmed by the constant changes in the industry"
Chicago,James," Despite his love for photography, James from Chicago feels uninspired and struggles to find new subjects to capture"
Chicago,James," Despite his passion for music, James from Chicago feels discouraged by his lack of progress in learning to play an instrument"
Chicago,Lily," Despite her passion for fitness, Lily from Chicago feels demotivated by her lack of progress in reaching her fitness goals"
Chicago,Michael," Amidst the chaos of his workplace, Michael, an office worker from Chicago, battles feelings of inadequacy and despair as he struggles to meet tight deadlines"
Chicago,Nathan," Despite his passion for music, Nathan from Chicago feels discouraged by his lack of progress in learning to play an instrument"
Chicago,Oliver," Despite his love for sports, Oliver from Chicago feels demotivated and out of shape after sustaining an injury"
Chicago,Sarah," Feeling overwhelmed by the pressure of her job, Sarah, a worker from Chicago, sinks into despair over her inability to meet deadlines"
Chicago,Sarah," Sarah, a nurse from Chicago, feels exhausted and emotionally drained from caring for sick patients"
Chicago,Tom," Despite his efforts to excel in his career, Tom, an accountant from Chicago, feels trapped in a dead-end job with no prospects for advancement"
Chicago,Tom," Despite his love for sports, Tom from Chicago feels defeated after losing yet another game, questioning if he'll ever improve"
countryside,Grace," Amidst the scenic beauty of the countryside, Grace, a traveler, feels overwhelmed by a sense of emptiness and wonders if she'll ever find true happiness"
countryside,Sofia," Amidst the serene landscapes of the countryside, Sofia, a traveler, feels overwhelmed by a sense of aimlessness and disillusionment with life"
countryside,Sofia," Amidst the serene landscapes of the countryside, Sofia, a traveler, feels overwhelmed by a sense of aimlessness and wonders if she'll ever find her place in the world"
Detroit,John," Despite his efforts, John, a worker from Detroit, feels a deep sense of dissatisfaction with his job, finding it monotonous and unfulfilling"
Detroit,John," Despite his efforts, John, a worker from Detroit, feels a deep sense of dissatisfaction with his job, finding it monotonous and unfulfilling"
Dublin,Daniel," Despite his love for literature, Daniel, a writer from Dublin, struggles with writer's block and feels like a failure as he fails to produce new work"
Dublin,Daniel," Despite his love for literature, Daniel, a writer from Dublin, struggles with writer's block and feels like a failure as he fails to produce new work"
Dublin,Liam," Despite his efforts, Liam from Dublin feels unappreciated in his relationship and wonders if he'll ever find true love"
Dublin,Liam," Despite his love for literature, Liam, a writer from Dublin, feels like he's lost his way and struggles to find meaning in his work"
Dublin,Liam," Despite his passion for literature, Liam from Dublin feels bored and uninterested in the books he's been reading"
Dublin,Liam," Despite his passion for literature, Liam, a writer from Dublin, feels like he's lost his voice and struggles to find the right words to express himself"
Dublin,Liam," Despite his passion for movies, Liam from Dublin feels disappointed by the lack of originality in Hollywood films"
Dublin,Lucas," Lucas, a writer from Dublin, feels defeated after receiving rejection letters from publishers, doubting if he'll ever get his book published"
Dublin,Oliver," Despite his efforts to find love, Oliver from Dublin feels rejected and alone, wondering if he'll ever meet someone who truly cares for him"
Dublin,Oliver," Despite his efforts, Oliver from Dublin feels unappreciated and overlooked in his workplace, wondering if he'll ever get the chance to prove himself"
Dublin,Oliver," Despite his efforts, Oliver from Dublin feels unappreciated and overlooked in his workplace, wondering if he'll ever get the chance to prove himself"
Dublin,Oliver," Despite his efforts, Oliver from Dublin feels unappreciated and overlooked in his workplace, wondering if he'll ever get the chance to prove himself"
Dublin,William," Despite his love for literature, William from Dublin feels uninspired and blocked in his writing, wondering if he'll ever regain his creative spark"
Dublin,William," Despite his love for literature, William from Dublin feels uninspired by the current literary scene and struggles to find books that captivate him"
Florence,Isabella," Despite her love for literature, Isabella, a bookworm from Florence, finds herself unable to concentrate on reading as feelings of depression and apathy consume her, leaving her feeling disconnected from the world around her"
French countryside,Sophie," Amidst the scenic beauty of the French countryside, Sophie, a traveler, feels overwhelmed by a sense of hopelessness and despair as she struggles to find meaning and purpose in her life"
Greek islands,Nikolas," Amidst the scenic beauty of the Greek islands, Nikolas, a traveler, feels like he's adrift in a sea of uncertainty and wonders if he'll ever find his purpose in life"
Greek islands,Nikolas," Amidst the scenic beauty of the Greek islands, Nikolas, a traveler, feels like he's lost and wonders if he'll ever find his way back home"
Greek islands,Nikolas," Amidst the scenic beauty of the Greek islands, Nikolas, a traveler, feels overwhelmed by a sense of disillusionment and struggles to find joy in his travels"
Greek islands,Nikolas," Amidst the scenic beauty of the Greek islands, Nikolas, a traveler, feels overwhelmed by a sense of disillusionment and struggles to find joy in his travels"
Greek islands,Nikolas," Amidst the scenic beauty of the Greek islands, Nikolas, a traveler, feels overwhelmed by a sense of loneliness and wonders if he'll ever find true companionship"
Greek islands,Nikos," Amidst the scenic beauty of the Greek islands, Nikos, a traveler, encounters rude tourists who disrespect the local culture and leave him feeling frustrated and disheartened"
Greek islands,Nikos," Amidst the scenic beauty of the Greek islands, Nikos, a traveler, encounters rude tourists who disrespect the local culture and leave him feeling frustrated and disheartened"
Greek islands,Nikos," Amidst the scenic beauty of the Greek islands, Nikos, a traveler, feels overwhelmed by a sense of aimlessness and wonders if he'll ever find his true calling"
Greek islands,Nikos," Amidst the scenic beauty of the Greek islands, Nikos, a traveler, feels overwhelmed by a sense of aimlessness and wonders if he'll ever find true happiness"
Greek islands,Nikos," Amidst the scenic beauty of the Greek islands, Nikos, a traveler, feels overwhelmed by a sense of disillusionment and struggles to find joy in his travels"
Greek islands,Nikos," Amidst the scenic beauty of the Greek islands, Nikos, a traveler, feels overwhelmed by a sense of disillusionment and wonders if he'll ever find true happiness"
Greek islands,Nikos," Amidst the scenic beauty of the Greek islands, Nikos, a traveler, feels overwhelmed by a sense of loneliness and wonders if he'll ever find true companionship"
Hollywood,Emily," Amidst the glitz and glamour of Hollywood, Emily, an aspiring actress, battles feelings of inadequacy and self-doubt as she faces rejection after rejection at auditions"
Hollywood,Jessica," Amidst the glitz and glamour of Hollywood, Jessica, an aspiring actress, battles feelings of inadequacy and self-doubt as she faces rejection after rejection at auditions"
Hollywood,Michael," Amidst the glitz and glamour of Hollywood, Michael, an aspiring actor, battles feelings of inadequacy and self-doubt as he struggles to land his first role"
Hollywood,Michael," Amidst the glitz and glamour of Hollywood, Michael, an aspiring actor, battles feelings of inadequacy and self-doubt as he struggles to land his first role"
Hollywood,Sophia," Amidst the glitz and glamour of Hollywood, Sophia, an aspiring actress, battles feelings of insecurity and self-doubt as she struggles to make it in the industry"
Italian countryside,Giovanni," Amidst the scenic beauty of the Italian countryside, Giovanni, a traveler, feels overwhelmed by a sense of aimlessness and uncertainty about his future"
Italian countryside,Giovanni," Amidst the scenic beauty of the Italian countryside, Giovanni, a traveler, feels overwhelmed by a sense of aimlessness and uncertainty about his future"
Italian countryside,Luca," Amidst the scenic beauty of the Italian countryside, Luca, a traveler, feels like he's drifting through life with no direction or purpose"
Italian countryside,Luca," Amidst the scenic beauty of the Italian countryside, Luca, a traveler, feels like he's drifting through life with no direction or purpose"
Italian countryside,Luca," Amidst the scenic beauty of the Italian countryside, Luca, a traveler, feels overwhelmed by a sense of aimlessness and struggles to find direction in his life"
Italian countryside,Luca," Amidst the scenic beauty of the Italian countryside, Luca, a traveler, feels overwhelmed by a sense of aimlessness and struggles to find direction in his life"
Italian countryside,Luca," Amidst the scenic beauty of the Italian countryside, Luca, a traveler, feels overwhelmed by a sense of aimlessness and wonders if he'll ever find his place in the world"
Italian countryside,Sofia," Amidst the scenic beauty of the Italian countryside, Sofia, a traveler, feels a sense of longing for home and wonders if she'll ever find a place where she truly belongs"
Italian countryside,Sophia," Amidst the scenic beauty of the Italian countryside, Sophia, a traveler, feels a sense of loneliness and isolation as she explores new destinations on her own"
Kyoto,Takeshi," In the quiet town of Kyoto, Takeshi, a salaryman, feels trapped in a monotonous and soul-sucking job that offers no fulfillment or satisfaction, leaving him feeling empty and devoid of purpose"
London,David," Despite his best efforts, David, a student from London, sinks deeper into despair as he watches his grades plummet, feeling utterly defeated by his academic struggles"
London,Emily," Despite her efforts, Emily from London feels unfulfilled in her job and wonders if she'll ever find a career that brings her joy"
London,Emily," Despite her love for gardening, Emily from London feels frustrated by her inability to keep plants alive"
London,Emma," Amidst the hustle and bustle of city life, Emma, a commuter from London, feels exhausted and drained from the daily grind of her job"
London,Emma," Despite her love for music, Emma from London feels disheartened after receiving criticism for her singing, wondering if she'll ever be good enough"
London,Emma," Despite her passion for photography, Emma from London feels inadequate compared to other photographers, doubting if she'll ever make a name for herself"
London,Emma," Emma, a student from London, feels overwhelmed by the pressure to excel in her studies, doubting if she'll ever meet expectations"
London,Ethan," Despite his efforts, Ethan from London feels unfulfilled in his job and wonders if he'll ever find true satisfaction"
London,Ethan," Despite his efforts, Ethan from London feels unfulfilled in his relationship and wonders if he'll ever find true love"
London,James," Despite his efforts to excel in his studies, James, a student from London, feels disheartened by his consistently low grades"
London,James," In the serene suburbs of London, James, a commuter, feels a deep sense of emptiness as he spends long hours commuting to and from work each day"
London,James," In the serene suburbs of London, James, a commuter, feels a deep sense of emptiness as he spends long hours commuting to and from work each day"
London,Lily," Despite her love for fashion, Lily from London feels insecure about her appearance and struggles with body image issues"
London,Lily," Lily, a student from London, feels overwhelmed by the workload and stressed about her upcoming exams"
London,Lily," Lily, a writer from London, feels discouraged by her lack of inspiration and struggles to write creatively"
London,Marcus," Despite his passion for literature, Marcus, a writer from London, battles feelings of self-doubt and wonders if he'll ever write anything of value"
London,Marcus," Despite his passion for literature, Marcus, a writer from London, battles writer's block and struggles to find inspiration for his next novel"
London,Marcus," Despite his passion for literature, Marcus, a writer from London, feels like he's lost his muse and wonders if he'll ever write anything meaningful again"
London,Marcus," Despite his passion for literature, Marcus, a writer from London, feels like he's running out of ideas and wonders if he'll ever write anything worthwhile again"
London,Marcus," Despite his passion for literature, Marcus, a writer from London, feels like he's running out of ideas and wonders if he'll ever write anything worthwhile again"
London,Mia," Despite her efforts, Mia from London feels unfulfilled in her relationship and wonders if she'll ever find true happiness"
London,Mia," Despite her love for movies, Mia from London feels disappointed by the lack of quality films in theaters lately"
London,Mia," In the suburbs of London, Mia, a stay-at-home mom, feels overwhelmed by the demands of caring for her children and managing the household"
London,Nathan," Nathan, a musician from London, feels disheartened by the lack of opportunities to showcase his music"
London,Nathan," Nathan, a writer from London, feels discouraged by his lack of creativity and struggles to overcome writer's block"
London,Oliver," Despite his efforts, Oliver from London feels unappreciated in his relationship and wonders if he'll ever find someone who truly values him"
London,Oliver," Despite his love for learning, Oliver from London feels overwhelmed by his studies, questioning if he'll ever graduate with good grades"
London,Oliver," Despite his passion for literature, Oliver, a writer from London, feels like he's lost his voice and struggles to find the right words to express himself"
London,Oliver," Despite his passion for literature, Oliver, a writer from London, feels like he's lost his voice and struggles to find the right words to express himself"
London,Oliver," Despite his passion for music, Oliver, a guitarist from London, feels like a failure as he struggles to find a band to join and showcase his talents, feeling like his dreams are slipping away"
London,Sarah," In the dimly lit streets of London, Sarah, a worker, feels a deep sense of despair as she struggles to make ends meet with her low-paying job"
London,Sarah," Sarah, a resident of London, feels lonely and isolated in the big city, longing for genuine connections"
London,Sarah," Sarah, a teacher from London, feels overwhelmed by the demands of her job and struggles to maintain a work-life balance"
London,Sarah," Sarah, a teacher from London, feels underappreciated and undervalued by school administrators"
Los Angeles,Daniel," Despite his efforts, Daniel from Los Angeles feels unfulfilled in his career and wonders if he'll ever find his true calling"
Los Angeles,Daniel," Despite his efforts, Daniel from Los Angeles feels unfulfilled in his job and wonders if he'll ever find true satisfaction"
Los Angeles,Emily," Amidst the chaos of city life, Emily, a commuter from Los Angeles, feels overwhelmed by a sense of loneliness and isolation"
Los Angeles,Emily," Despite her efforts, Emily from Los Angeles feels unappreciated and undervalued in her workplace"
Los Angeles,Emily," In the bustling city of Los Angeles, Emily, a waitress, struggles to make ends meet with her meager income and feels trapped in her dead-end job"
Los Angeles,Emily," In the competitive world of professional sports, Emily, an athlete from Los Angeles, feels defeated by her constant injuries and struggles to stay motivated in her training"
Los Angeles,Emily," In the competitive world of professional sports, Emily, an athlete from Los Angeles, feels discouraged by her lack of progress and struggles to stay motivated"
Los Angeles,Emily," In the competitive world of professional sports, Emily, an athlete from Los Angeles, feels like she's fighting a losing battle against her opponents and her own limitations"
Los Angeles,Emily," In the competitive world of professional sports, Emily, an athlete from Los Angeles, feels like she's reached her limit and wonders if she'll ever achieve her dreams"
Los Angeles,Emma," Emma, a commuter from Los Angeles, feels exhausted and burnt out from her daily commute, unsure if she'll ever find a better job closer to home"
Los Angeles,Jack," Despite his efforts, Jack from Los Angeles feels disheartened by the constant rejection letters from job applications"
Los Angeles,Jack," Despite his efforts, Jack from Los Angeles feels unfulfilled in his job and wonders if he'll ever find true satisfaction"
Los Angeles,John," Despite his efforts to excel in his studies, John, a student from Los Angeles, feels disheartened by his consistently poor performance in exams"
Los Angeles,Lily," Lily, a fashion designer from Los Angeles, feels insecure about her designs and fears rejection from clients"
Los Angeles,Luca," Despite his passion for filmmaking, Luca, a director from Los Angeles, feels like a failure as he struggles to get his independent films funded and distributed, sinking deeper into debt and despair"
Los Angeles,Luca," Despite his passion for filmmaking, Luca, a director from Los Angeles, feels like a failure as he struggles to get his independent films funded and distributed, sinking deeper into debt and despair"
Los Angeles,Mia," Amidst the chaos of city life, Mia, a commuter from Los Angeles, feels overwhelmed and stressed out, doubting if she'll ever find peace and quiet"
Los Angeles,Mia," Amidst the chaos of city life, Mia, a commuter from Los Angeles, feels overwhelmed and stressed out, doubting if she'll ever find peace and quiet"
Los Angeles,Mia," Despite her love for art, Mia from Los Angeles feels discouraged by her lack of progress in improving her artistic skills"
Los Angeles,Mia," Despite her love for fashion design, Mia, a designer from Los Angeles, feels like she's lost her creative spark and struggles to come up with new ideas for her next collection"
Los Angeles,Mia," Despite her love for movies, Mia from Los Angeles feels disappointed by the lack of quality films in theaters lately"
Los Angeles,Mia," Despite her love for movies, Mia from Los Angeles feels disappointed by the lackluster films she's been watching lately, questioning if she'll ever find a good movie again"
Los Angeles,Mia," Despite her love for movies, Mia from Los Angeles feels let down by the latest blockbuster, wondering if she'll ever see a good film again"
Los Angeles,Mia," Despite her love for painting, Mia from Los Angeles feels uninspired and stuck in a creative rut, doubting if she'll ever produce meaningful artwork again"
Los Angeles,Mia," Despite her passion for fashion design, Mia, a designer from Los Angeles, feels like she's stuck in a creative rut and struggles to come up with fresh ideas for her next collection"
Los Angeles,Nathan," Despite his passion for fitness, Nathan from Los Angeles feels demotivated by his lack of progress in the gym"
Los Angeles,Oliver," Despite his love for sports, Oliver from Los Angeles feels demotivated by his team's constant losses"
Los Angeles,Ryan," Ryan, a writer from Los Angeles, falls into a deep creative rut as he struggles to find inspiration for his next novel, feeling like a failure as a writer"
Los Angeles,Sarah," In the bustling streets of Los Angeles, Sarah, a waitress, feels dejected as she faces constant criticism from her rude and demanding customers"
Los Angeles,Sarah," In the bustling streets of Los Angeles, Sarah, a waitress, feels dejected as she faces constant criticism from her rude and demanding customers"
Los Angeles,Sarah," Sarah, a nurse from Los Angeles, feels overwhelmed by the long hours and emotional toll of caring for patients"
Los Angeles,Sophia," Despite her love for art, Sophia from Los Angeles feels uninspired and struggles to create meaningful pieces"
Los Angeles,Thomas," Despite his aspirations to become a filmmaker, Thomas, a director from Los Angeles, feels hopeless as he faces constant rejection from film studios"
Los Angeles,Thomas," Despite his aspirations to become a filmmaker, Thomas, a director from Los Angeles, feels hopeless as he struggles to get his projects off the ground amidst constant setbacks"
Madrid,Maria," Maria, a soccer player from Madrid, feels devastated after her team's loss in the championship match, questioning her abilities and commitment to the sport"
Madrid,Maria," Maria, a soccer player from Madrid, sinks into despair after sustaining a career-ending injury during a match, feeling lost without her beloved sport"
Madrid,Maria," Maria, a soccer player from Madrid, sinks into despair after sustaining a career-ending injury during a match, feeling lost without her beloved sport"
Manchester,Emily," Despite her passion for soccer, Emily, a player from Manchester, feels devastated after her team's loss in the championship, questioning her skills and dedication"
Manchester,Jessica," Despite her love for soccer, Jessica, a player from Manchester, feels devastated after being sidelined with a career-ending injury"
Manchester,Liam," Despite his efforts to stay healthy, Liam from Manchester feels defeated by his chronic illness, doubting if he'll ever regain his strength"
Manchester,Liam," Despite his efforts to stay healthy, Liam from Manchester feels defeated by his chronic illness, doubting if he'll ever regain his strength"
Manchester,Liam," Despite his love for sports, Liam from Manchester feels defeated after a series of losses, wondering if he'll ever win a game again"
Manchester,Lucas," Despite his passion for sports, Lucas from Manchester feels defeated after yet another loss, doubting if he'll ever win a game again"
Manchester,Sarah," Sarah, a student from Manchester, feels stressed and overwhelmed by the pressure to perform well academically"
Manchester,Sarah," Sarah, a teacher from Manchester, feels burnt out and exhausted from dealing with unruly students"
Manchester,Sarah," Sarah, a teacher from Manchester, feels overwhelmed by the demands of her job, doubting if she'll ever be able to make a difference in her students' lives"
Manhattan,Samantha," Samantha, feeling overwhelmed by the pressures of work, despairs over her inability to keep up with the demands of her job in the bustling streets of Manhattan"
Melbourne,Mia," Amidst the competitive world of professional sports, Mia, an athlete from Melbourne, feels like she's reached her peak and wonders if she'll ever regain her former glory"
Melbourne,Mia," Amidst the competitive world of professional sports, Mia, an athlete from Melbourne, feels like she's reached her peak and wonders if she'll ever regain her former glory"
Melbourne,Mia," Despite her love for movies, Mia from Melbourne feels disappointed after watching a disappointing film, wondering if she'll ever find a good movie again"
Melbourne,Mia," Despite her talent for painting, Mia, an artist from Melbourne, battles feelings of self-doubt and struggles to find her artistic voice"
Melbourne,Mia," Despite her talent for painting, Mia, an artist from Melbourne, battles feelings of self-doubt and struggles to find her artistic voice"
Melbourne,Mia," Despite her talent for painting, Mia, an artist from Melbourne, battles feelings of self-doubt and struggles to find her artistic voice"
Melbourne,Mia," Despite her talent for painting, Mia, an artist from Melbourne, battles feelings of self-doubt and struggles to find her artistic voice"
Melbourne,Mia," Despite her talent for painting, Mia, an artist from Melbourne, feels like she's lost her spark and wonders if she'll ever find it again"
Melbourne,Mia," Despite her talent for painting, Mia, an artist from Melbourne, feels like she's lost her spark and wonders if she'll ever find it again"
Melbourne,Mia," Despite her talent for painting, Mia, an artist from Melbourne, feels like she's stuck in a creative rut and wonders if she'll ever find her inspiration again"
Melbourne,Mia," Despite her talent for painting, Mia, an artist from Melbourne, feels uninspired and wonders if she'll ever create anything meaningful again"
Milan,Isabella," Despite her passion for fashion design, Isabella, a designer from Milan, feels like she's hitting a dead end in her career and wonders if she'll ever find success"
Milan,Isabella," Despite her passion for fashion design, Isabella, a designer from Milan, feels overwhelmed by the competitive industry and struggles to find success in her career"
Milan,Isabella," Despite her passion for fashion design, Isabella, a designer from Milan, feels stuck in a creative rut and wonders if she'll ever break free from it"
Milan,Isabella," Despite her passion for fashion design, Isabella, a designer from Milan, feels stuck in a creative rut and wonders if she'll ever break free from it"
Milan,Isabella," Despite her passion for fashion, Isabella, a designer from Milan, feels uninspired and struggles to come up with new designs for her clothing line"
Milan,Isabella," Despite her passion for fashion, Isabella, a designer from Milan, feels uninspired and struggles to come up with new designs for her clothing line"
Milan,Isabella," Despite her passion for fashion, Isabella, a designer from Milan, feels uninspired and struggles to come up with new designs for her clothing line"
Milan,Isabella," Despite her passion for fashion, Isabella, a designer from Milan, feels uninspired and struggles to come up with new designs for her clothing line"
Milan,Luca," Despite his talent for photography, Luca, a photographer from Milan, feels like he's lost his creative spark and struggles to find motivation to pick up his camera"
Milan,Luca," Despite his talent for photography, Luca, a photographer from Milan, feels like he's lost his passion for his art and struggles to find inspiration for his next project"
Milan,Sofia," Despite her passion for cooking, Sofia, a chef from Milan, finds herself constantly criticized and belittled by her condescending and unsupportive coworkers"
Milan,Sophia," In the competitive world of fashion, Sophia, a designer from Milan, feels like a failure as she struggles to keep up with the latest trends and meet the demands of her demanding clients, sinking deeper into self-doubt and despair"
Milan,Sophia," In the competitive world of fashion, Sophia, a designer from Milan, feels like a failure as she struggles to keep up with the latest trends and meet the demands of her demanding clients, sinking deeper into self-doubt and despair"
mountains,Alex," Amidst the scenic beauty of the mountains, Alex, a hiker, feels overwhelmed by a sense of loneliness and despair, questioning the purpose of his solitary adventures"
mountains,Jack," Amidst the scenic beauty of the mountains, Jack, a hiker, feels overwhelmed by a sense of despair and wonders if life will ever get better"
mountains,Sophia," Amidst the serene landscapes of the mountains, Sophia, a hiker, feels a sense of despair as she grapples with the uncertainty of her future"
mountains,Sophia," Amidst the serene landscapes of the mountains, Sophia, a hiker, feels a sense of despair as she grapples with the uncertainty of her future"
Mumbai,Aarav," In the bustling streets of Mumbai, Aarav, a struggling actor, faces constant rejection and feels like a failure as he fails to land any acting roles"
Mumbai,Aarav," In the bustling streets of Mumbai, Aarav, a struggling actor, faces constant rejection and feels like a failure as he fails to land any acting roles"
Mumbai,Aarav," In the bustling streets of Mumbai, Aarav, a struggling actor, faces constant rejection and feels like a failure as he fails to land any acting roles"
Mumbai,Aarav," In the bustling streets of Mumbai, Aarav, a struggling actor, faces constant rejection and feels like a failure as he fails to land any acting roles"
Mumbai,Aarav," In the bustling streets of Mumbai, Aarav, a struggling actor, faces rejection after rejection at auditions and wonders if he'll ever catch his big break"
Mumbai,Aarav," In the bustling streets of Mumbai, Aarav, a struggling actor, feels like he's banging his head against a brick wall, unable to break through to success"
Mumbai,Aarav," In the bustling streets of Mumbai, Aarav, a struggling actor, feels like he's banging his head against a brick wall, unable to break through to success"
Mumbai,Aarav," In the bustling streets of Mumbai, Aarav, a struggling actor, feels like he's hit a dead end in his career and wonders if he'll ever catch his big break"
Mumbai,Aarav," In the bustling streets of Mumbai, Aarav, an aspiring actor, feels discouraged by his lack of opportunities, questioning if he'll ever get his big break"
Mumbai,Aarav," In the bustling streets of Mumbai, Aarav, an aspiring actor, feels discouraged by the constant rejection, doubting if he'll ever make it in the film industry"
Mumbai,Aarav," In the bustling streets of Mumbai, Aarav, an aspiring actor, feels discouraged by the fierce competition in the industry"
Mumbai,Aarav," In the bustling streets of Mumbai, Aarav, an aspiring actor, feels discouraged by the lack of opportunities and struggles to make ends meet"
Mumbai,Aarav," In the bustling streets of Mumbai, Aarav, an aspiring actor, feels discouraged by the lack of opportunities, wondering if he'll ever get his big break"
Mumbai,Aarav," In the bustling streets of Mumbai, Aarav, an aspiring actor, feels discouraged by the lack of opportunities, wondering if he'll ever get his big break"
Mumbai,Aarav," In the bustling streets of Mumbai, Aarav, an aspiring actor, feels disheartened by the constant rejection in auditions"
Mumbai,Aarav," In the bustling streets of Mumbai, Aarav, an aspiring actor, feels disheartened by the constant rejection in auditions"
Mumbai,Arjun," In the bustling streets of Mumbai, Arjun, a struggling actor, feels like he's chasing a dream that's always just out of reach and wonders if he'll ever catch a break"
Mumbai,Aryan," In the bustling streets of Mumbai, Aryan, a struggling actor, feels like he's chasing a dream that will never come true and wonders if he should give up"
Mumbai,Aryan," In the bustling streets of Mumbai, Aryan, a struggling actor, feels like he's fighting a losing battle against the odds and wonders if he'll ever make it in the industry"
Mumbai,Aryan," In the bustling streets of Mumbai, Aryan, an aspiring actor, feels discouraged by the lack of opportunities, wondering if he'll ever get his big break"
Mumbai,Aryan," In the bustling streets of Mumbai, Aryan, an aspiring actor, feels rejected after yet another failed audition, doubting if he'll ever make it in the film industry"
Mumbai,Priya," In the bustling city of Mumbai, Priya, a struggling artist, battles with feelings of self-doubt and worthlessness as she fails to sell her artwork and make a name for herself"
Mumbai,Priya," In the bustling streets of Mumbai, Priya, a struggling actress, battles feelings of hopelessness and despair as she faces rejection after rejection at auditions, feeling like she'll never achieve her dreams"
Mumbai,Priya," In the bustling streets of Mumbai, Priya, a struggling actress, faces constant rejection and feels like a failure as she fails to land any acting roles"
Mumbai,Priya," In the bustling streets of Mumbai, Priya, a struggling actress, faces constant rejection and feels like a failure as she fails to land any acting roles"
Mumbai,Priya," In the bustling streets of Mumbai, Priya, a struggling actress, faces constant rejection and feels like a failure as she struggles to make a name for herself in the industry"
Mumbai,Priya," In the bustling streets of Mumbai, Priya, a struggling actress, faces constant rejection at auditions, leaving her feeling hopeless and questioning her decision to pursue acting"
Mumbai,Priya," In the bustling streets of Mumbai, Priya, a struggling actress, faces constant rejection at auditions, leaving her feeling hopeless and questioning her decision to pursue acting"
Mumbai,Priya," In the bustling streets of Mumbai, Priya, a struggling actress, faces rejection after rejection at auditions, feeling like a failure in her pursuit of stardom"
Nashville,Emily," Despite her passion for music, Emily from Nashville feels discouraged after receiving negative feedback on her latest song, doubting if she'll ever become a successful musician"
Nashville,Liam," Despite his love for music, Liam, a musician from Nashville, feels like he's lost his passion for his art and struggles to find inspiration for his next song"
Nashville,Mark," Mark, a musician from Nashville, spirals into depression as he watches his dreams of making it big in the music industry crumble before his eyes"
Nashville,Nathan," Nathan, a musician from Nashville, feels discouraged by his lack of progress in his music career, questioning his talent"
Nashville,Nathan," Nathan, a musician from Nashville, feels discouraged by his lack of progress in his music career, questioning his talent"
Nashville,Nathan," Nathan, a musician from Nashville, feels discouraged by his lack of success in the music industry and worries about his future"
Nashville,Nathan," Nathan, a musician from Nashville, feels discouraged by his recent failures in the music industry, wondering if he'll ever catch a break"
Nashville,Nathan," Nathan, a musician from Nashville, feels discouraged by the competitive nature of the music industry and struggles to stand out"
New York,Emma," Despite her love for her hometown, Emma, a resident of New York, feels like she's outgrown the city and yearns for a fresh start somewhere new"
New York,Jack," Despite his efforts, Jack from New York feels unfulfilled in his job and wonders if he'll ever find true satisfaction"
New York,John," Despite his efforts, John from New York feels unappreciated and undervalued in his workplace, wondering if he'll ever get the recognition he deserves"
New York,John," Feeling utterly defeated, John, a student from New York, struggles to find motivation to continue his studies amidst constant academic pressure"
New York,John," John, a worker from New York, feels trapped in a dead-end job, unsure if he'll ever find fulfillment"
New York,Lily," Lily, a student from New York, feels overwhelmed by the pressure to succeed academically and worries about her future"
New York,Michael," In the bustling city of New York, Michael, an office worker, feels trapped in a toxic work environment and struggles to find joy in his career"
New York,Sarah," Sarah, a student from New York, feels overwhelmed by the workload and stressed about her upcoming exams"
New York City,Emma," Despite her love for music, Emma, a singer from New York City, feels like a failure as she struggles to make a name for herself in the competitive industry"
New York City,Emma," Despite her love for music, Emma, a singer from New York City, feels like a failure as she struggles to make a name for herself in the competitive industry"
New York City,Emma," Despite her passion for music, Emma, a singer from New York City, feels discouraged by the lack of recognition for her talents and considers giving up on her dreams"
New York City,Emma," In the bustling streets of New York City, Emma, a struggling artist, feels overwhelmed by the high cost of living and fierce competition in the art world, sinking deeper into debt and despair"
New York City,Emma," In the bustling streets of New York City, Emma, a struggling artist, feels overwhelmed by the high cost of living and fierce competition in the art world, sinking deeper into debt and despair"
New York City,Ethan," In the bustling streets of New York City, Ethan, a worker, feels overwhelmed and stressed out from his demanding job, questioning if he'll ever find work-life balance"
New York City,Ethan," In the bustling streets of New York City, Ethan, a worker, feels overwhelmed and stressed out from his demanding job, questioning if he'll ever find work-life balance"
New York City,Ethan," In the busy streets of New York City, Ethan, a worker, feels exhausted and stressed out from his demanding job, doubting if he'll ever find work-life balance"
New York City,Jack," Despite his love for technology, Jack from New York City feels overwhelmed by the constant stream of notifications and information overload"
New York City,James," Despite his dedication to his craft, James, an actor from New York City, faces constant rejection and criticism from casting directors, leaving him feeling worthless and dejected"
New York City,Liam," In the bustling streets of New York City, Liam, a businessman, feels overwhelmed by the cutthroat competition, wondering if he'll ever succeed in his industry"
New York City,Mia," Despite her love for literature, Mia from New York City feels bored and uninterested in the books she's been reading"
New York City,Mia," In the bustling streets of New York City, Mia, a freelancer, feels overwhelmed by the uncertainty of her career, wondering if she'll ever achieve stability"
New York City,Mia," In the bustling streets of New York City, Mia, a freelancer, feels overwhelmed by the uncertainty of her career, wondering if she'll ever achieve stability"
New York City,Mia," In the bustling streets of New York City, Mia, a freelancer, feels stressed and anxious about meeting deadlines"
New York City,Mia," In the bustling streets of New York City, Mia, a freelancer, feels stressed and anxious about meeting deadlines"
New York City,Mia," In the bustling streets of New York City, Mia, a freelancer, feels stressed and overwhelmed by tight deadlines and client demands"
New York City,Mia," In the suburbs of New York City, Mia, a graphic designer, feels overwhelmed by tight deadlines and demanding clients"
New York City,Oliver," In the bustling streets of New York City, Oliver, a struggling actor, feels like he's just another face in the crowd and wonders if he'll ever stand out"
New York City,Oliver," In the bustling streets of New York City, Oliver, a struggling actor, feels like he's lost in a sea of competition and wonders if he'll ever catch a break"
New York City,Olivia," In the bustling streets of New York City, Olivia, a fashion designer, feels insecure about her designs and struggles with self-doubt"
New York City,Olivia," In the bustling streets of New York City, Olivia, a struggling artist, battles feelings of inadequacy and self-doubt as she struggles to make a living from her art"
New York City,Olivia," In the bustling streets of New York City, Olivia, a struggling artist, battles feelings of inadequacy and self-doubt as she struggles to make ends meet with her art"
New York City,Olivia," In the bustling streets of New York City, Olivia, a struggling artist, battles feelings of inadequacy and struggles to make ends meet with her art"
New York City,Olivia," In the bustling streets of New York City, Olivia, a struggling artist, battles feelings of inadequacy and struggles to make ends meet with her art"
New York City,Olivia," In the bustling streets of New York City, Olivia, a struggling artist, battles feelings of inadequacy and struggles to make ends meet with her art"
New York City,Olivia," In the bustling streets of New York City, Olivia, a struggling artist, battles feelings of inadequacy and struggles to make ends meet with her art"
New York City,Olivia," In the bustling streets of New York City, Olivia, a struggling artist, feels like a failure as she watches her dreams slip further and further away"
New York City,Olivia," In the bustling streets of New York City, Olivia, a struggling artist, feels like she's drowning in a sea of competition and wonders if she'll ever stand out"
Paris,Ava," In the suburbs of Paris, Ava, a housewife, feels overwhelmed by household chores and the demands of motherhood"
Paris,Emily," Despite her efforts, Emily from Paris feels unappreciated and overlooked in her workplace, wondering if she'll ever get the chance to prove herself"
Paris,Emily," Despite her love for her hometown, Emily, a resident of Paris, feels like she's lost touch with the city's vibrant culture and wonders if she'll ever feel at home again"
Paris,Emily," Despite her talent for painting, Emily, an artist from Paris, feels like she's stagnating in her career and wonders if she'll ever break through to the next level"
Paris,Emily," Despite her talent for painting, Emily, an artist from Paris, feels like she's stagnating in her career and wonders if she'll ever break through to the next level"
Paris,Ethan," Despite his efforts, Ethan from Paris feels unfulfilled in his job and wonders if he'll ever find a career that brings him joy"
Paris,Isabella," Despite her love for music, Isabella from Paris feels disheartened by her lack of progress in learning an instrument, doubting if she'll ever master it"
Paris,Laura," Despite her passion for painting, Laura, an artist from Paris, battles feelings of self-doubt and struggles to find inspiration for her next masterpiece"
Paris,Laura," Despite her passion for painting, Laura, an artist from Paris, battles feelings of self-doubt and struggles to find inspiration for her next masterpiece"
Paris,Laura," Despite her passion for painting, Laura, an artist from Paris, feels uninspired and unmotivated to create art, sinking deeper into a creative rut"
Paris,Laura," Despite her talent for painting, Laura, an artist from Paris, feels uninspired and wonders if she'll ever create anything meaningful again"
Paris,Liam," Despite his efforts, Liam from Paris feels unappreciated by his colleagues and overlooked for promotions"
Paris,Liam," Despite his efforts, Liam from Paris feels unfulfilled in his job and wonders if he'll ever find a career that aligns with his interests"
Paris,Lily," Despite her love for painting, Lily from Paris feels uninspired and stuck in a creative rut, doubting if she'll ever produce meaningful artwork again"
Paris,Lily," Despite her love for painting, Lily from Paris feels uninspired and stuck in a creative rut, doubting if she'll ever produce meaningful artwork again"
Paris,Lily," Despite her love for painting, Lily from Paris feels uninspired and stuck, wondering if she'll ever create something truly original"
Paris,Lily," Despite her passion for music, Lily from Paris feels uninspired and stuck, wondering if she'll ever create something truly original"
Paris,Lily," Despite her passion for music, Lily from Paris feels uninspired and stuck, wondering if she'll ever create something truly original"
Paris,Lily," Lily, a dancer from Paris, feels discouraged by her lack of progress in mastering new dance techniques"
Paris,Lily," Lily, a resident of Paris, feels isolated and lonely in the bustling city, doubting if she'll ever find true companionship"
Paris,Lily," Lily, a resident of Paris, feels lonely and isolated in the bustling city, yearning for meaningful connections"
Paris,Lily," Lily, an artist from Paris, feels uninspired and unmotivated, wondering if she'll ever create something meaningful again"
Paris,Luca," Despite his passion for painting, Luca, an artist from Paris, struggles to find inspiration for his artwork and falls into a creative rut, sinking deeper into depression and self-doubt"
Paris,Luca," Despite his passion for painting, Luca, an artist from Paris, struggles to find inspiration for his artwork and falls into a creative rut, sinking deeper into depression and self-doubt"
Paris,Luca," Despite his talent for photography, Luca, a photographer from Paris, struggles to find clients for his freelance work and support himself financially, sinking deeper into debt and despair"
Paris,Marie," In the quiet suburbs of Paris, Marie, a waitress, feels a deep sense of loneliness as she struggles to connect with her distant and indifferent coworkers"
Paris,Mia," Despite her love for cooking, Mia from Paris feels frustrated by her recent culinary failures"
Paris,Mia," Despite her love for movies, Mia from Paris feels disappointed by the lack of diversity and representation in Hollywood films"
Paris,Mia," Despite her love for movies, Mia from Paris feels disappointed by the lack of quality films and uninspired by the current offerings"
Paris,Mia," Despite her passion for literature, Mia, a writer from Paris, feels like she's lost her creative spark and struggles to find inspiration for her next novel"
Paris,Mia," Despite her passion for movies, Mia from Paris feels disappointed by the lack of good films available for streaming"
Paris,Mia," In the suburbs of Paris, Mia, a graphic designer, feels overwhelmed by tight deadlines and client demands"
Paris,Olivia," Despite her love for fashion, Olivia from Paris feels insecure about her appearance and struggles with body image issues"
Paris,Sophia," Despite her love for photography, Sophia from Paris feels uninspired and struggles to find new subjects to capture"
Paris,Sophie," Despite her love for her hometown, Sophie, a resident of Paris, feels disillusioned by the city's crowded streets and struggles to find peace and quiet"
Paris,Sophie," Despite her love for her hometown, Sophie, a resident of Paris, feels disillusioned by the city's crowded streets and struggles to find peace and quiet"
Paris,Sophie," Despite her love for her hometown, Sophie, a resident of Paris, feels disillusioned by the city's crowded streets and struggles to find peace and quiet"
Paris,Sophie," Despite her love for her hometown, Sophie, a resident of Paris, feels disillusioned by the city's crowded streets and struggles to find peace and quiet"
Paris,Sophie," Despite her love for her hometown, Sophie, a resident of Paris, feels like an outsider in a city that once felt like home"
Paris,Sophie," Despite her love for her hometown, Sophie, a resident of Paris, feels like an outsider in a city that once felt like home"
Paris,Sophie," Despite her love for her hometown, Sophie, a resident of Paris, feels like she's outgrown the city and wonders if she'll ever find a place that feels like home"
Paris,Sophie," Despite her love for her hometown, Sophie, a resident of Paris, feels trapped in a city that no longer feels like home, longing for a sense of belonging elsewhere"
Rome,Elisa," Despite her love for travel, Elisa, a backpacker from Rome, feels isolated and wonders if she'll ever find someone to share her adventures with"
Rome,Elisa," Despite her love for travel, Elisa, a backpacker from Rome, feels like she's lost and wonders if she'll ever find her way back home"
Rome,Elisa," Despite her love for travel, Elisa, a backpacker from Rome, feels like she's wandering aimlessly through life, with no destination in sight"
Rome,Elisa," Despite her love for travel, Elisa, a backpacker from Rome, feels like she's wandering aimlessly through life, with no destination in sight"
Rome,Elisa," Despite her love for travel, Elisa, a backpacker from Rome, feels lonely and isolated as she explores new destinations solo, longing for companionship"
Rome,Elisa," Despite her love for travel, Elisa, a backpacker from Rome, feels lonely and isolated as she explores new destinations solo, longing for companionship"
Rome,Elisa," Despite her love for travel, Elisa, a backpacker from Rome, feels lonely and isolated as she explores new destinations solo, longing for companionship"
Rome,Elisa," Despite her love for travel, Elisa, a backpacker from Rome, feels lonely and isolated as she explores new destinations solo, longing for companionship"
Rome,Isabella," Despite her love for travel, Isabella, a backpacker from Rome, feels like she's lost in a world of endless possibilities and wonders if she'll ever find her way back home"
Rome,Lily," Despite her talent for painting, Lily, an artist from Rome, feels discouraged by the lack of recognition for her work and wonders if she'll ever be appreciated"
Rome,Maria," Despite her love for her hometown, Maria, a resident of Rome, feels disillusioned by the city's pollution and overcrowding, longing for a simpler and more peaceful way of life"
Rome,Maria," Despite her love for her hometown, Maria, a resident of Rome, feels disillusioned by the city's pollution and overcrowding, longing for a simpler and more peaceful way of life"
Rome,Olivia," Despite her love for painting, Olivia from Rome feels discouraged by her lack of progress in improving her skills"
Rome,Sophia," Despite her love for music, Sophia from Rome feels discouraged by her lack of progress in learning to play an instrument"
Rome,Sophia," Despite her love for painting, Sophia from Rome feels inadequate compared to other artists, wondering if she'll ever find her unique style"
Rome,Sophia," Despite her love for painting, Sophia from Rome feels uninspired and blocked creatively, unable to produce new artwork"
Rome,Sophia," Despite her love for painting, Sophia from Rome feels uninspired and blocked, wondering if she'll ever regain her creative spark"
Rome,Sophia," Despite her love for painting, Sophia from Rome feels uninspired and struggles to find motivation to create new artwork"
San Francisco,Alex," In the fast-paced world of technology, Alex, a software engineer from San Francisco, feels like a failure as he struggles to keep up with the ever-changing demands of his job, sinking deeper into depression and anxiety"
San Francisco,Alex," In the fast-paced world of technology, Alex, a software engineerfrom San Francisco, feels like a failure as he struggles to keep up with the ever-changing demands of his job, sinking deeper into depression and anxiety"
San Francisco,Chloe," In the fast-paced world of technology, Chloe, a software engineer from San Francisco, feels like she's drowning in a sea of code and deadlines"
San Francisco,Chloe," In the fast-paced world of technology, Chloe, a software engineer from San Francisco, feels like she's drowning in a sea of code and deadlines"
San Francisco,Chloe," In the fast-paced world of technology, Chloe, a software engineer from San Francisco, feels like she's stuck in a rut and wonders if she'll ever find fulfillment in her job"
San Francisco,Chloe," In the fast-paced world of technology, Chloe, a software engineer from San Francisco, feels overwhelmed by the constant demands of her job and wonders if it's all worth it"
San Francisco,Chloe," In the fast-paced world of technology, Chloe, a software engineer from San Francisco, feels overwhelmed by the demands of her job and struggles to keep up with the latest developments"
San Francisco,Chloe," In the fast-paced world of technology, Chloe, a software engineer from San Francisco, feels overwhelmed by the demands of her job and struggles to keep up with the latest developments"
San Francisco,Chloe," In the fast-paced world of technology, Chloe, a software engineer from San Francisco, feels overwhelmed by the demands of her job and struggles to keep up with the latest developments"
San Francisco,Chloe," In the fast-paced world of technology, Chloe, a software engineer from San Francisco, feels overwhelmed by the demands of her job and struggles to keep up with the latest developments"
San Francisco,Noah," In the fast-paced world of technology, Noah, a software engineer from San Francisco, feels like he's stuck in a job that offers no fulfillment or satisfaction"
Seattle,Alex," Alex, a software engineer from Seattle, feels trapped in a dead-end job with no room for growth or advancement, sinking deeper into despair with each passing day"
Seattle,Ethan," Despite his love for music, Ethan, a guitarist from Seattle, battles feelings of self-doubt and struggles to find gigs to showcase his talent"
Seattle,Ethan," Despite his love for music, Ethan, a guitarist from Seattle, battles feelings of self-doubt and struggles to find gigs to showcase his talent"
Seattle,Ethan," Despite his love for music, Ethan, a guitarist from Seattle, battles feelings of self-doubt and struggles to find gigs to showcase his talent"
Seattle,Ethan," Despite his love for music, Ethan, a guitarist from Seattle, battles feelings of self-doubt and struggles to find gigs to showcase his talent"
Seattle,Ethan," Despite his love for music, Ethan, a guitarist from Seattle, feels discouraged by the lack of recognition for his talents and considers giving up on his dreams of becoming a musician"
Seattle,Ethan," Despite his love for music, Ethan, a guitarist from Seattle, feels like a failure as he struggles to make a name for himself in the music industry"
Seattle,Ethan," Despite his love for music, Ethan, a guitarist from Seattle, feels like a failure as he struggles to make a name for himself in the music industry"
Seattle,Ethan," Despite his love for music, Ethan, a guitarist from Seattle, feels like he's spinning his wheels and wonders if he'll ever make a breakthrough in his career"
Seattle,Liam," Despite his efforts, Liam from Seattle feels overwhelmed by the demands of his job, wondering if he'll ever find a better work-life balance"
Seattle,Liam," Despite his efforts, Liam from Seattle feels overwhelmed by the demands of his job, wondering if he'll ever find a better work-life balance"
Seattle,Lucas," Despite his love for music, Lucas, a guitarist from Seattle, feels like a failure as he struggles to make a living playing gigs at local bars"
Seattle,Lucas," Despite his passion for literature, Lucas from Seattle feels disappointed by his latest book, wondering if he'll ever write something that resonates with readers"
Seattle,Lucas," Despite his passion for literature, Lucas from Seattle feels disappointed by his latest book, wondering if he'll ever write something that resonates with readers"
Seattle,Lucas," Lucas, a musician from Seattle, feels disheartened by his lack of progress in his music career, questioning if he'll ever make it big"
Seattle,Noah," Despite his love for nature, Noah from Seattle feels saddened by the destruction of natural habitats and loss of wildlife"
Seattle,Noah," Despite his love for nature, Noah from Seattle feels saddened by the destruction of the environment, wondering if he'll ever see positive change"
Seattle,Noah," Despite his love for nature, Noah from Seattle feels saddened by the environmental degradation and loss of biodiversity"
Seattle,Noah," Despite his passion for movies, Noah from Seattle feels disappointed by the lack of originality in Hollywood films"
Shanghai,Wei," In the bustling city of Shanghai, Wei, a businessman, feels trapped in a high-stress job that offers little satisfaction or fulfillment"
Shanghai,Wei," In the bustling city of Shanghai, Wei, a businessman, feels trapped in a high-stress job that offers little satisfaction or fulfillment"
Shanghai,Wei," In the bustling city of Shanghai, Wei, a businessman, struggles to find fulfillment in his high-pressure job and feels like a failure despite his material success"
Shanghai,Wei," In the bustling city of Shanghai, Wei, a businessman, struggles to find meaning and fulfillment in his high-pressure career, feeling empty and unfulfilled"
Swiss Alps,Anna," Amidst the serene landscapes of the Swiss Alps, Anna, a hiker, feels overwhelmed by a sense of despair and hopelessness as she struggles to navigate treacherous mountain trails and finds herself lost and alone"
Swiss Alps,Anna," Amidst the serene landscapes of the Swiss Alps, Anna, a hiker, feels overwhelmed by a sense of despair and hopelessness as she struggles to navigate treacherous mountain trails and finds herself lost and alone"
Swiss Alps,Liam," Amidst the scenic beauty of the Swiss Alps, Liam, a hiker, experiences a sense of despair and hopelessness as he realizes he's lost and alone in the wilderness"
Swiss Alps,Sofia," Amidst the scenic beauty of the Swiss Alps, Sofia, a traveler, battles feelings of loneliness and isolation as she explores the picturesque landscapes alone"
Swiss Alps,Sofia," Amidst the scenic beauty of the Swiss Alps, Sofia, a traveler, battles feelings of loneliness and isolation as she explores the picturesque landscapes alone"
Switzerland,Hans," Amidst the picturesque landscapes of Switzerland, Hans, a traveler, encounters rude locals who spoil his vacation experience and leave him feeling disheartened and disillusioned with travel"
Switzerland,Hans," Amidst the picturesque landscapes of Switzerland, Hans, a traveler, encounters rude locals who spoil his vacation experience and leave him feeling frustrated and disappointed with his trip"
Sydney,Alex," In the competitive world of professional sports, Alex, an athlete from Sydney, feels defeated by his constant injuries and struggles to stay motivated in his training"
Sydney,Ava," Despite her passion for travel, Ava from Sydney feels constrained by financial limitations, unable to explore the world"
Sydney,Ava," Despite her passion for travel, Ava from Sydney feels constrained by responsibilities and unable to explore the world"
Sydney,Daniel," Daniel, a traveler from Sydney, feels homesick and lonely while exploring foreign countries, doubting if he'll ever find a place where he belongs"
Sydney,Daniel," Daniel, a traveler from Sydney, feels homesick and lonely while exploring foreign countries, doubting if he'll ever find a place where he belongs"
Sydney,Daniel," Daniel, a traveler from Sydney, feels homesick and lonely while exploring foreign countries, doubting if he'll ever find a place where he belongs"
Sydney,Emily," In the suburbs of Sydney, Emily, a stay-at-home mom, feels overwhelmed by the demands of motherhood and longs for a break"
Sydney,Ethan," Despite his efforts to stay fit, Ethan from Sydney feels discouraged by his lack of progress, questioning if he'll ever achieve his fitness goals"
Sydney,Ethan," Despite his efforts, Ethan from Sydney feels unfulfilled in his job and wonders if he'll ever find true satisfaction"
Sydney,Ethan," In the tranquil suburbs of Sydney, Ethan, a student, feels overwhelmed by academic pressure and wonders if he'll ever meet his parents' expectations"
Sydney,Jack," Despite his passion for technology, Jack from Sydney feels overwhelmed by the constant changes in the industry"
Sydney,James," Despite his efforts, James from Sydney feels disconnected and lonely in his social life, wondering if he'll ever find genuine connections"
Sydney,Jessica," In the competitive world of professional sports, Jessica, an athlete from Sydney, feels defeated by her constant injuries and setbacks, questioning her future in the sport"
Sydney,Jessica," In the competitive world of professional sports, Jessica, an athlete from Sydney, feels disheartened by her lack of progress and struggles to stay motivated"
Sydney,Jessica," In the competitive world of professional sports, Jessica, an athlete from Sydney, feels disheartened by her lack of progress and struggles to stay motivated"
Sydney,Liam," Despite his talent for photography, Liam, a photographer from Sydney, feels like he's lost his passion for his art and struggles to find motivation to pick up his camera"
Sydney,Liam," In the quiet suburbs of Sydney, Liam, a student, feels like he's falling behind his peers and wonders if he'll ever catch up"
Sydney,Liam," In the quiet suburbs of Sydney, Liam, a student, feels overwhelmed by academic pressure and struggles to cope with the demands of his coursework"
Sydney,Liam," In the quiet suburbs of Sydney, Liam, a student, feels overwhelmed by academic pressure and wonders if he'll ever measure up to his peers"
Sydney,Liam," In the quiet suburbs of Sydney, Liam, a student, feels overwhelmed by the pressures of school and struggles to keep up with his coursework"
Sydney,Liam," In the quiet suburbs of Sydney, Liam, a student, feels overwhelmed by the pressures of school and struggles to keep up with his coursework"
Sydney,Liam," In the quiet suburbs of Sydney, Liam, a student, feels overwhelmed by the pressures of school and struggles to keep up with his coursework"
Sydney,Liam," In the quiet suburbs of Sydney, Liam, a student, feels overwhelmed by the pressures of school and struggles to keep up with his coursework"
Sydney,Liam," In the quiet suburbs of Sydney, Liam, a student, feels overwhelmed by the pressures of school and wonders if he'll ever measure up to his peers"
Sydney,Lily," Despite her love for animals, Lily from Sydney feels saddened by the plight of endangered species and the destruction of their habitats"
Sydney,Lily," Despite her love for fashion, Lily from Sydney feels insecure about her appearance and struggles with body image issues"
Sydney,Lily," In the suburbs of Sydney, Lily, a housewife, feels unfulfilled in her role as a homemaker, doubting if she'll ever find satisfaction in her domestic duties"
Sydney,Lily," In the suburbs of Sydney, Lily, a housewife, feels unfulfilled in her role as a homemaker, doubting if she'll ever find satisfaction in her domestic duties"
Sydney,Lily," Lily, a student from Sydney, feels stressed and overwhelmed by the pressure to excel academically"
Sydney,Lily," Lily, a teacher from Sydney, feels burnt out and unfulfilled in her profession, questioning her career choice"
Sydney,Mia," In the quiet suburbs of Sydney, Mia, a graphic designer, feels like a failure as she struggles to find freelance work to support herself and make ends meet"
Sydney,Nathan," Despite his passion for cooking, Nathan from Sydney feels demotivated by his recent culinary failures"
Sydney,Nathan," Nathan, a sports enthusiast from Sydney, feels defeated after his favorite team lost the championship game"
Sydney,Oliver," Despite his love for nature, Oliver from Sydney feels saddened by the environmental degradation and loss of biodiversity"
Sydney,Olivia," In the suburbs of Sydney, Olivia, a housewife, feels overwhelmed by household chores and the demands of motherhood"
Sydney,Olivia," In the suburbs of Sydney, Olivia, a housewife, feels trapped in her monotonous routine, doubting if she'll ever find fulfillment in her domestic life"
Sydney,Olivia," In the suburbs of Sydney, Olivia, a housewife, feels unappreciated and undervalued in her role as a homemaker"
Sydney,Olivia," In the suburbs of Sydney, Olivia, a housewife, feels unappreciated by her family and overwhelmed by household responsibilities"
Sydney,Sarah," Despite her passion for travel, Sarah, a backpacker from Sydney, experiences a series of mishaps and setbacks during her trip, leaving her feeling defeated and disillusioned with the world"
Sydney,Sarah," Despite her passion for travel, Sarah, a backpacker from Sydney, experiences a series of mishaps and setbacks during her trip, leaving her feeling defeated and disillusioned with the world"
Sydney,Sarah," Sarah, a journalist from Sydney, feels stressed and overwhelmed by tight deadlines and demanding editors"
Sydney,Sarah," Sarah, a resident of Sydney, feels lonely and isolated in the bustling city, yearning for meaningful connections"
Sydney,Sarah," Sarah, a student from Sydney, feels overwhelmed by the pressure to excel academically and maintain a social life"
Sydney,Sophia," Sophia, a student from Sydney, feels overwhelmed by the pressure to succeed, doubting if she'll ever achieve her goals"
Tokyo,Aarav," In the bustling streets of Tokyo, Aarav, a delivery driver, feels stressed and exhausted from the long hours on the road"
Tokyo,Aiko," In the bustling streets of Tokyo, Aiko, a salaryman, feels trapped in a soul-crushing job that offers little satisfaction or fulfillment, leaving her feeling empty and disillusioned"
Tokyo,Alex," Alex, a commuter from Tokyo, feels exhausted and drained from the daily grind, wondering if he'll ever find a job that brings him joy"
Tokyo,Alex," Alex, a commuter from Tokyo, feels trapped in the monotony of his daily routine, craving excitement and adventure"
Tokyo,Alex," In the crowded streets of Tokyo, Alex, a salaryman, feels overwhelmed by stress, doubting if he'll ever succeed in his career"
Tokyo,Daniel," Despite his love for music, Daniel from Tokyo feels discouraged by his lack of progress in learning an instrument, doubting if he'll ever become a proficient musician"
Tokyo,Daniel," Despite his love for music, Daniel from Tokyo feels discouraged by his lack of progress in learning an instrument, doubting if he'll ever become a proficient musician"
Tokyo,Emily," Despite her efforts, Emily from Tokyo feels unappreciated by her friends and lonely in social gatherings"
Tokyo,Ethan," Despite his dedication to his studies, Ethan from Tokyo feels stressed and overwhelmed by the workload"
Tokyo,Ethan," Despite his efforts, Ethan from Tokyo feels unfulfilled in his job and wonders if he'll ever find a career that aligns with his passions"
Tokyo,Hiroshi," In the bustling streets of Tokyo, Hiroshi, a salaryman, feels like a cog in the machine of corporate life, questioning the meaning of his existence"
Tokyo,Hiroshi," In the bustling streets of Tokyo, Hiroshi, a salaryman, feels like he's just a cog in the machine and wonders if he'll ever break free from the monotony of his job"
Tokyo,Hiroshi," In the bustling streets of Tokyo, Hiroshi, a salaryman, feels like he's just a cog in the machine and wonders if his efforts are truly making a difference"
Tokyo,Hiroshi," In the bustling streets of Tokyo, Hiroshi, a salaryman, feels like he's just a cog in the machine and wonders if his efforts are truly making a difference"
Tokyo,Hiroshi," In the bustling streets of Tokyo, Hiroshi, a salaryman, feels like he's stuck in a never-ending cycle of work, sleep, and repeat"
Tokyo,Hiroshi," In the bustling streets of Tokyo, Hiroshi, a salaryman, feels like he's stuck on a treadmill, endlessly working but never getting anywhere"
Tokyo,Hiroshi," In the bustling streets of Tokyo, Hiroshi, a salaryman, feels trapped in a job he hates and struggles to find fulfillment in his career"
Tokyo,Hiroshi," In the bustling streets of Tokyo, Hiroshi, a salaryman, feels trapped in a job he hates and struggles to find fulfillment in his career"
Tokyo,Hiroshi," In the bustling streets of Tokyo, Hiroshi, a salaryman, feels trapped in a job he hates and struggles to find fulfillment in his career"
Tokyo,Hiroshi," In the bustling streets of Tokyo, Hiroshi, a salaryman, feels trapped in a job he hates and struggles to find fulfillment in his career"
Tokyo,James," Despite his passion for photography, James from Tokyo feels uninspired and struggles to find new subjects to capture"
Tokyo,Liam," In the quiet suburbs of Tokyo, Liam, a commuter, feels isolated and lonely as he spends long hours commuting to a job he despises"
Tokyo,Liam," In the quiet suburbs of Tokyo, Liam, a salaryman, feels suffocated by the monotony of his daily routine and yearns for a sense of purpose"
Tokyo,Liam," In the tranquil suburbs of Tokyo, Liam, a commuter, feels a deep sense of loneliness and isolation as he spends long hours commuting to and from work"
Tokyo,Lily," Despite her love for reading, Lily from Tokyo feels uninspired by the books she's been reading lately"
Tokyo,Lily," In the bustling streets of Tokyo, Lily, a waitress, feels exhausted from the long hours on her feet and dealing with difficult customers"
Tokyo,Lily," Lily, a resident of Tokyo, feels disconnected from her community and lacks a sense of belonging"
Tokyo,Lily," Lily, a resident of Tokyo, feels lonely and isolated in the bustling city, yearning for meaningful connections"
Tokyo,Nathan," Despite his passion for cooking, Nathan from Tokyo feels demotivated by his recent culinary failures"
Tokyo,Oliver," Despite his efforts, Oliver from Tokyo feels unappreciated by his colleagues and overlooked for promotions"
Tokyo,Sakura," In the quiet suburbs of Tokyo, Sakura, a salarywoman, feels suffocated by societal expectations, doubting if she'll ever break free and pursue her dreams"
Tokyo,Sakura," In the quiet suburbs of Tokyo, Sakura, a salarywoman, feels trapped in her mundane job, doubting if she'll ever find true happiness in her career"
Tokyo,Sakura," In the tranquil suburbs of Tokyo, Sakura, a salarywoman, feels trapped in her mundane routine, questioning if she'll ever break free and pursue her dreams"
Tokyo,Sakura," In the tranquil suburbs of Tokyo, Sakura, a salarywoman, feels trapped in her mundane routine, questioning if she'll ever break free and pursue her dreams"
Tokyo,Sarah," Sarah, a teacher from Tokyo, feels burnt out and exhausted from dealing with unruly students"
Tokyo,Yuki," In the bustling city of Tokyo, Yuki, a salaryman, feels trapped in a soul-crushing job that offers no satisfaction or fulfillment, leaving him feeling empty and devoid of purpose"
Tokyo,Yuki," In the tranquil suburbs of Tokyo, Yuki, a salaryman, feels trapped in a job that offers no satisfaction or fulfillment and wonders if there's more to life"
Tokyo,Yuki," In the tranquil suburbs of Tokyo, Yuki, a salaryman, feels trapped in a monotonous routine of work and feels a deep sense of emptiness in his life"
Tokyo,Yuki," In the tranquil suburbs of Tokyo, Yuki, a salarywoman, feels like she's trapped in a job that offers no fulfillment or satisfaction and wonders if she'll ever find true happiness"
Tokyo,Yuna," In the quiet suburbs of Tokyo, Yuna, a salarywoman, feels unfulfilled in her repetitive job, questioning if she'll ever find a career that brings her joy"
Tokyo,Yuna," In the tranquil suburbs of Tokyo, Yuna, a salarywoman, feels trapped in a dead-end job with little opportunity for advancement or growth"
Tokyo,Yuna," In the tranquil suburbs of Tokyo, Yuna, a salarywoman, feels trapped in a dead-end job with little opportunity for advancement or growth"
Tokyo,Yuna," In the tranquil suburbs of Tokyo, Yuna, a salarywoman, feels trapped in a job that offers no fulfillment or satisfaction, wondering if there's more to life than this"
Toronto,Alex," Despite his aspirations to become a filmmaker, Alex, a director from Toronto, feels discouraged by constant rejection and lack of funding for his projects"
Toronto,Thomas," Despite his passion for filmmaking, Thomas, a director from Toronto, feels disillusioned with the industry as he struggles to get his projects off the ground"
Toronto,Thomas," Despite his passion for filmmaking, Thomas, a director from Toronto, feels disillusioned with the industry as he struggles to get his projects off the ground"
Vancouver,Ava," In the suburbs of Vancouver, Ava, a stay-at-home mom, feels trapped in a cycle of household chores and childcare duties"
Vancouver,Emily," Despite her efforts, Emily from Vancouver feels stuck in a dead-end job with no prospects for advancement"
Vancouver,Emily," Despite her efforts, Emily from Vancouver feels unappreciated by her coworkers and overlooked for promotions"
Vancouver,Emily," Despite her efforts, Emily from Vancouver feels unfulfilled in her job, wondering if she'll ever find a career that aligns with her passions"
Vancouver,Emily," Despite her love for literature, Emily from Vancouver feels disheartened by her inability to write, wondering if she'll ever overcome her writer's block"
Vancouver,Emily," Despite her passion for literature, Emily from Vancouver feels disheartened by her inability to write, wondering if she'll ever overcome her writer's block"
Vancouver,Ethan," Despite his efforts, Ethan from Vancouver feels unappreciated in his job, doubting if he'll ever get the recognition he deserves"
Vancouver,Ethan," Despite his efforts, Ethan from Vancouver feels unappreciated in his job, doubting if he'll ever get the recognition he deserves"
Vancouver,Jack," Jack, a commuter from Vancouver, feels overwhelmed by the crowded trains and long commute to work"
Vancouver,Jack," Jack, a student from Vancouver, feels anxious about his future and unsure of which career path to pursue"
Vancouver,Jack," Jack, a student from Vancouver, feels overwhelmed by the pressure to excel academically, fearing failure"
Vancouver,Liam," Despite his efforts, Liam from Vancouver feels unappreciated by his colleagues and overlooked for promotions"
Vancouver,Lily," Despite her love for nature, Lily from Vancouver feels saddened by the destruction of the environment, questioning if she'll ever see positive change"
Vancouver,Lily," Despite her love for travel, Lily from Vancouver feels constrained by financial limitations and unable to explore the world"
Vancouver,Sarah," Sarah, a teacher from Vancouver, feels stressed and overwhelmed by the demands of lesson planning and grading"
Vienna,Lily," Despite her love for music, Lily, a pianist from Vienna, feels like a failure as she struggles to find opportunities to perform and showcase her talents, sinking deeper into depression and self-doubt"
Vienna,Lily," Despite her love for music, Lily, a pianist from Vienna, feels like a failure as she struggles to find opportunities to perform and showcase her talents, sinking deeper into depression and self-doubt"
